날짜,식사,메뉴
20251001,중식,찰흑미밥(미니) |감바스알리오올리오스파게티(시험) |미니돈까스 |오이피클(자율) |가든샐러드 |옥수수스프 
20251002,중식,현미찹쌀밥 |오징어꽃게탕 |파프리카부추무침 |청경채동파육 |배추김치(완) |블루베리쥬스 
20251013,중식,강황쌀밥 |삼색나물 |닭다리오븐장각구이 |깍두기(완) |한국식마라탕 |생크림와플 
20251014,중식,차슈덮밥 |취나물볶음(자율) |핫도그(시즈닝) |배추김치(완) |감귤쥬스 |견과 |두부달걀탕 
20251015,중식,나물비빔밥&계란후라이/고추장 |배추맑은장국 |통안심치킨꼬치 |깍두기(완) |두유 
20251016,중식,혼합곡밥 |잔치국수 |고등어김치조림 |소시지채소볶음 |깍두기(완) |포도 
20251017,중식,"미니밥(부식) |로제스파게티 |북어콩나물국 |삼겹살오븐구이(양파,버섯) |참나물겉절이 |배추김치(완) "
20251020,중식,칠색찰보리밥 |직화짬뽕순두부찌개 |보쌈 |파채콩나물무침 |보쌈김치(완) |파인애플(후식) |쌈장 
20251021,중식,찰기장현미밥 |참나물견과볶음 |청포묵김가루볶음 |치즈닭갈비 |배추김치(완) |쇠고기된장찌개 
20251022,중식,자장밥 |부추계란국 |등갈비김치찜 |미나리무생채 |미니치즈볼 
20251023,중식,혼합곡밥 |신의주순댓국 |시금치무침 |코다리살강정&김말이 |깍두기(완) |포도 
20251024,중식,강황쌀밥 |두부구이&양념장 |버섯잡채 |총각김치(완) |짜먹는요구르트 |김구이 |김치찌개 
20251027,중식,찰기장현미밥 |숙주나물무침(자율) |쫄면채소무침 |콘치즈군만두 |깍두기(자율) |사과 |부대찌개 
20251028,중식,찰흑미밥 |열무쌈장무침 |계란말이&케찹 |아귀살떡강정 |배추김치(완) |닭곰탕 
20251029,중식,새우야채볶음밥 |유부맑은된장국 |단무지매콤무침(자율) |배추김치(완) |조각피자 |과일음료 
20251030,중식,귀리밥 |꽈리고추멸치볶음(자율) |삼색나물 |뿌링클치킨 |총각김치(완) |마시는 요거트 |동태찌개 
20251031,중식,클로렐라쌀밥 |돼지갈비찜 |청경채쌈장무침 |동그랑땡전 |배추김치(완) |미니약과 |두부고추장새우찌개 
20251103,중식,칼슘찹쌀현미밥 |미니찐빵 |연탄직화불고기 |깍두기(완) |오징어볼튀김 |참치김치찌개 
20251104,중식,차수수밥 |아욱된장국 |찜닭 |고사리들깨볶음 |대패떡볶이 |깍두기(완) 
20251105,중식,치킨마요밥 |맑은콩나물국 |파채깻잎무침 |생선까스/탈탈소스 |배추김치(완) |과일음료 
20251106,중식,흑미기장찹쌀밥 |돈육김치갈비찜 |애호박소고기볶음 |보쌈김치(완) |포도 |꽃게매운탕 
20251107,중식,강황칼슘찹쌀밥 |쇠고기얼갈이탕 |닭봉데리야끼조림 |베이컨감자볶음 |콘치즈구이 |배추김치(완) 
20251110,중식,혼합곡밥 |사골떡국 |열무된장무침(자율) |고구마치즈돈까스/소스 |군만두 |배추김치(완) |수능후식 
20251111,중식,강황칼슘찹쌀밥 |시금치게맛살무침 |치커리감귤샐러드&키위D |지파이 |깍두기(완) |초코츄러스 |부대찌개 
20251112,중식,카레라이스 |새우살계란파국 |등갈비찜 |쑥갓오이무침 |깍두기(완) 
20251117,중식,날치알김치덮밥 |맑은콩나물국 |숙주나물무침 |해물볶음우동 |감자튀김 |깍두기(완) 
20251118,중식,칠색찰보리밥 |순대국밥 |삼치무조림 |참나물무침 |자장떡볶음 |배추김치(완) 
20251120,중식,잡곡밥 |국수장국 |삼색나물 |주꾸미삼겹살볶음 |배추김치(완) |키위 
20251121,중식,찰기장보리밥 |쇠고기미역국 |감자조림 |뼈없는치즈닭갈비 |배추겉절이 |귤 
20251124,중식,혼합잡곡밥 |쇠고기무국 |근대무침(자율) |도라지배무침 |새송이버섯어묵볶음 |양념치킨 |배추김치(완) 
20251125,중식,찰보리밥 |우엉잡채 |멘보샤 |갈릭연어스테이크&양파크림소스 |총각김치(완) |사과 |돈육김치찌개 
20251126,중식,산채비빔밥/고추장 |맑은된장국 |치즈돈까스/소스 |깍두기(완) |미니바나나라떼 |블루베리견과샐러드 
20251127,중식,렌틸콩밥 |순살바베큐돈코츠라멘 |돈육고추장조림 |도토리묵야채무침 |시금치버섯볶음(자율) |보쌈김치(완) |감귤망고샐러드 
20251128,중식,미니밥(부식) |투움바파스타 |콘치즈떡갈비 |수제모둠피클 |야채과일샐러드 |브로콜리스프 
20251201,중식,흑미귀리밥 |꽃게짬뽕국 |메추리알장조림 |시금치들깨무침(자율) |오징어까스&파채무침 |배추김치(완) |생과일샐러드 
20251202,중식,강황쌀밥 |육개장 |비엔나숙주나물볶음 |진미채견과볶음 |가자미구이 |보쌈김치(완) 
20251203,중식,전복채소솥밥 |김치콩나물국 |닭다리구이&칠리소스 |깍두기(완) |제주청귤주스 
20251204,중식,현미찹쌀밥 |삼겹살보쌈 |보쌈김치(완) |파인애플(후식) |바지락순두부찌개 |상추/양배추쌈 
20251205,중식,김치볶음밥 |부추계란국 |치킨강정 |깍두기(완) |오이피클(자율) |알리오올레오바게트 
20251208,중식,혼합잡곡밥 |쇠고기미역국 |표고돼지갈비찜 |감귤샐러드(자율) |청포묵김가루무침 |배추김치(완) |연근모듬부각 
20251209,중식,찰흑미밥 |쇠고기무국 |열무된장무침 |마늘깐풍기 |깐쇼새우허니갈릭 |배추김치(완) 
20251210,중식,삼색소보로덮밥 |팽이버섯두부된장국 |눈꽃등심돈까스/소스 |깍두기(완) |음료 
20251211,중식,인도식카레라이스 |맑은콩나물국 |치커리오이무침 |깍두기(완) |오징어링&블랙새우튀김샐러드 
20251212,중식,김가루볶음밥 |연두부계란국 |참나물들깨마요무침 |매콤닭봉양념오븐구이 |배추김치(완) 
20251215,중식,베이컨야채볶음밥 |북어콩나물국 |삼색나물 |찹쌀탕수육(후르츠소스) |깍두기(완) 
20251216,중식,버섯카로틴밥 |미니돈코츠라멘 |시금치고추장무침 |파인애플함박스테이크/소스 |배추김치(완) 
20251217,중식,강황쌀밥 |신의주순댓국 |파채콩나물무침 |고구마맛탕&새우튀김 |보쌈김치(완) |음료 
20251218,중식,찰흑미밥 |견과류멸치볶음(자율) |부추잡채 |섞박지(완) |미니피자 |짜먹는요구르트 |얼갈이갈비탕 
20251219,중식,귀리밥 |쌀국수 |치즈계란말이 |고등어카레구이 |보쌈김치(완) |미니붕어빵 
20251222,중식,혼합곡밥 |무나물 |청경채동파육 |보쌈김치(완) |파인애플(후식) |부대찌개&라면사리 
20251223,중식,율무버섯카로틴밥 |배추된장국 |채소무침 |꽈삭치킨 |미니돈마호크 |깍두기(완) 
20251224,중식,찰흑미밥 |미트소스스파게티(부식) |쇠고기얼갈이탕 |삼색묵김가루무침 |족발채소볶음 |깍두기(완) |미니케익(크리스마스) 
20251226,중식,자장덮밥 |유부맑은된장국 |열무된장무침 |미나리무생채(자율) |치폴레빠삭치킨프라이 |배추김치(완) |제로포도음료 
20251229,중식,잡곡밥 |두부김치국 |얼갈이쌈장무침 |오리불고기 |깍두기(완) |조각피자 |포도 
20251230,중식,바몬드카레라이스 |맑은콩나물국 |문어방울오징어꽈리고추볶음 |뿌링클치킨 |깍두기(완) |치즈샐러드&드레싱 
20251231,중식,강황칼슘찹쌀밥 |로제떡볶이 |숯불직화통바베큐구이 |아삭이고추견과쌈장무침 |보쌈김치(완) |설렁탕 
20260202,중식,율무혼합잡곡밥 |코다리살시래기무조림 |근대무침 |배추김치(완) |레드향 |김구이 |갈비탕 
20260203,중식,찰흑미밥 |청경채볶음 |보쌈김치(완) |딸기 |새우구이채소샐러드 |초코링도넛 |전복닭다리삼계탕 
20260204,중식,버섯카로틴밥 |육개장 |양배추채소무침 |진미채볶음 |생삼겹살구이 |보쌈김치(완) |파인애플(후식) |쌈장 
20260303,중식,혼합잡곡밥 |쇠고기미역국 |돼지갈비엿장조림 |삼색나물 |배추김치(완) |견과(정월대보름) 
20260304,중식,카레라이스 |맑은콩나물국 |치커리사과무침 |등심돈까스/소스 |깍두기(완) |딸기라떼 
20260305,중식,찰흑미밥 |쇠고기무국 |꽈리고추멸치볶음 |치즈닭갈비 |배추김치(완) |딸기 
20260306,중식,파채콩나물무침 |제육덮밥 |새우튀김 |깍두기(완) |순두부찌개 
20260309,중식,버섯카로틴밥 |비엔나칠리소스볶음 |쇠고기청경채볶음 |깍두기(완) |파인애플(후식) |돈육김치찌개 
20260310,중식,현미찹쌀밥 |해물짬뽕국 |보쌈 |갈비야채비빔만두 |보쌈김치(완) |아이스슈 
20260311,중식,쇠고기콩나물밥/양념장 |맑은된장국 |시금치프리타타 |과일탕수육 |깍두기(완) 
20260312,중식,혼합잡곡밥 |순대국밥 |국물떡볶이 |연어스테이크&크림소스 |섞박지(완) |오렌지 
20260313,중식,강황쌀밥 |홍합무국 |새송이버섯어묵볶음 |코다리살고추장양념구이 |깍두기(완) |김구이 
20260316,중식,칠색찰보리밥 |쑥갓두부무침-자율배식 |도토리묵/양념장 |돈육주꾸미불고기 |배추김치(완) |쇠고기된장찌개 
20260317,중식,차수수밥 |육개장 |함박스테이크/갈릭소스 |콘치즈구이 |보쌈김치(완) |가든샐러드 
20260318,중식,소보로비빔밥 |아욱된장국 |닭꼬치구이&소스 |배추김치(완) |한라봉음료 
20260319,중식,귀리밥 |느타리굴소스볶음 |깐쇼새우 |깍두기(완) |청포도음료 |생크림와플 |참치김치찌개 
20260320,중식,찹쌀밥 |참나물오이냉채 |굴소스닭다리(장각)구이 |깍두기(완제) |바나나라떼 |어묵우동국 
20260323,중식,현미찹쌀밥 |근대된장국 |무말랭이무침(완제) |미나리해물전 |오리로스구이 |배추김치 |상추쌈(자율) 
20260324,중식,보리밥 |새우젓계란찜 |떡갈비/어린잎샐러드 |배추김치 |망고쥬스 |햄모듬찌개 
20260325,중식,간장족발덮밥 |김치콩나물국 |생선까스/소스 |깍두기(완) |사과쥬스 
20260326,중식,흑미밥 |바지락미역국 |매운돼지갈비찜 |잡채 |배추김치 |포도 
20260327,중식,차조밥 |낙지초무침 |꽈리고추진미채볶음 |고기동그랑땡부침 |석박지 |초코우유 |순살감자탕 
20260330,중식,찰보리밥 |낙지수제비국 |메추리알장조림 |참나물팽이버섯무침(자율) |제육김치볶음 |총각김치 |파인애플 |데친두부 
20260331,중식,찹쌀밥 |양상추샐러드/딸기파인드레싱 |치킨스테이크 |깍두기(완제) |짜먹는요구르트 |양송이스프 
20260401,중식,김치볶음밥 |유부된장국 |로제크림소스떡볶이 |새우튀김(냉동-) |소시지구이 |깍두기(완제) |망고파인애플음료 
20260402,중식,흑미밥 |오리훈제/야채무침 |치즈감자전 |배추김치 |워터젤리 |무쌈 |짬뽕순두부찌개 
20260403,중식,쌀밥 |시금치고추장무침-자율 |청포묵무침 |가자미구이/엿장소스 |석박지 |갈비탕/당면사리 
20260406,중식,차수수밥 |오이생채-자율 |계란말이 |연어구이 |배추김치 |약과(개성) |두부고추장찌개 
20260407,중식,쌀밥 |황태맑은국 |어린잎두부샐러드 |진미야채무침 |닭살채소볶음 |배추김치 |파이 
20260408,중식,하이스카레밥 |팽이버섯된장국 |콘샐러드 |돈까스 |깍두기(완제) |오렌지음료 
20260409,중식,기장밥 |오징어무국 |쇠고기메추리알장조림 |숙주미나리무침-자율 |김치전 |총각김치 |골드키위음료 
20260410,중식,현미찹쌀밥 |도토리묵/양념장 |삼겹살구이 |보쌈김치 |방울토마토(자율) |상추쌈(자율) |쇠고기된장찌개 
20260413,중식,차조밥 |얼큰쇠고기무국 |맛살오이냉채 |순대볶음 |소시지양송이오믈렛 |배추김치 |감귤쥬스 
20260414,중식,자장면/추가밥 |부추계란국 |중식단무지무침 |찹쌀탕수육 |배추김치 |사과쥬스 
20260415,중식,참치마요덮밥 |열무된장국 |깐쇼새우 |깍두기(완제) |과일채소쥬스 
20260416,중식,찰보리밥 |어묵국수 |새우젓계란찜 |낙지볶음/콩나물 |김구이-완제 |배추김치 
20260417,중식,쌀밥 |쇠고기미역국 |무생채 |멸치볶음 |김치볶음 |김자반 |햄전 |계란후라이 |팝콘 
20260420,중식,쌀밥 |조랭이떡국 |돼지갈비찜 |참나물오이냉채 |새송이버섯볶음-자율 |배추김치 |파인애플 
20260421,중식,찰보리밥 |버섯매운탕 |너비아니구이/어린잎샐러드 |두부매콤조림 |배추김치 |쿠키(완제) 
20260422,중식,달걀볶음밥 |배추된장국 |고추장떡볶이 |김말이 |오징어튀김 |깍두기(완제) |오렌지음료 
20260423,중식,찹쌀밥 |닭죽 |쭈꾸미초무침 |고기동그랑땡부침 |배추김치 |망고쥬스 
20260424,중식,귀리밥 |감자샐러드 |쇠고기버섯불고기 |배추김치 |방울토마토(자율) |바나나우유 |해물된장찌개 
20260427,중식,제육덮밥 |콩나물무침 |새우까스/소스 |배추김치 |카사바칩 |짜먹는요구르트 |맑은순두부찌개 
20260428,중식,김치볶음덮밥 |팽이버섯된장국 |양상추샐러드/키위파인드레싱(자율) |치킨스테이크 |깍두기(완제) |오렌지음료 
20260429,중식,쌀밥 |양배추샐러드/사우전드레싱(자율) |함박스테이크/갈릭소스 |깍두기(완제) |초코우유 |김치어묵우동국 
20260430,중식,차슈덮밥 |시금치두부된장국 |버터갈릭치킨 |깍두기(완제) |사과쥬스 
20260506,중식,부추비빔밥 |황태맑은국 |고구마맛탕 |굴소스닭다리(장각)구이 |배추김치 |방울토마토(자율) 
20260507,중식,찰보리밥 |오징어무국 |쇠고기메추리알장조림 |치즈감자전 |배추김치 |바나나 
20260508,중식,흑미밥 |모듬버섯볶음 |코다리구이/양념장 |총각김치 |딸기우유 |와플 |햄모듬찌개 
20260511,중식,찰보리밥 |낙지연포탕 |우엉쇠고기볶음-자율 |등갈비김치조림 |숙주들깨무침 |오이부추무침-자율 |데친두부 
20260512,중식,기장밥 |버섯육개장 |맛살오이냉채 |비엔나떡볶음 |연어구이 |석박지 
20260513,중식,쌀밥 |오리로스구이/야채무침 |김치전 |보쌈김치 |파인애플 |갈비탕/당면사리 
20260514,중식,자장면/추가밥 |짬뽕국 |과일소스탕수육(완제) |깍두기(완제) |사과쥬스 
20260518,중식,찰보리밥 |콘치즈구이 |깍두기(완제) |청포도음료 |치킨텐더/드레싱 |김치어묵우동국 
20260519,중식,흑미밥 |매운돼지갈비찜 |단호박샐러드 |건새우마늘쫑볶음 |배추김치 |방울토마토(자율) |베이비슈 |쇠고기된장찌개 
20260520,중식,쌀밥 |잔치국수 |참나물팽이버섯무침(자율) |쭈꾸미볶음 |생선까스/소스 |배추겉절이-자율 |바나나우유 
20260521,중식,생야채비빔밥 |근대된장국 |간장소스치킨(닭봉) |배추김치 |오렌지음료 
20260526,중식,찰보리밥 |쫄면무침 |삼겹살구이 |배추김치 |상추쌈(자율) |두부고추장찌개 
20260527,중식,치킨카레라이스 |팽이버섯된장국 |양상추샐러드/블루베리드레싱 |치즈돈까스 |깍두기(완제) |골드키위음료 
20260528,중식,차수수밥 |새송이어묵볶음 |진미채고추장볶음 |계란말이 |총각김치 |감귤쥬스 |참치김치찌개 
20260529,중식,찹쌀밥 |얼큰쇠고기무국 |브로콜리두부무침-자율배식 |도토리묵/양념장 |오리버섯불고기 |배추김치 
20260601,중식,보리밥 |무말랭이무침(완제) |해물파전 |족발구이 |백김치(완제) |요구르트(뽀로로) |햄모듬찌개 
20260602,중식,찹쌀밥 |도토리묵국 |돼지고기계란장조림 |골뱅이야채무침 |열무김치(완제) |메론 |체리 
20260604,중식,배추된장국 |알감자버터구이 |데리야끼소스닭볶음덮밥 |소떡롤 |배추김치 |제로소다음료 
20260605,중식,쌀밥 |마라가마보꼬탕 |모듬버섯볶음 |찹쌀탕수육 |깍두기(완제) |오렌지음료 
20260608,중식,햇완두콩밥 |꽃맛살샐러드 |치즈매운닭볶음 |배추김치 |부꾸미 |우유 |두부새우젓찌개 
20260609,중식,서리태밥 |투움바소스떡볶이 |너비아니구이/파채 |배추김치 |요구르트 |두부명란젓찌개 
20260610,중식,새우볶음밥 |쌀국수 |양상추샐러드/키위파인드레싱(자율) |깍두기(완제) |포도쥬스 |치킨텐더 
20260611,중식,곤드레나물밥 |계란찜 |노각생채 |고추장불고기 |배추김치 |양념간장 |수박 |청국장찌개 
20260612,중식,차수수밥 |육개장 |미역줄기볶음-자율배식 |비엔나떡볶음 |연어구이 |배추김치 |이온음료 
20260615,중식,보리밥 |바지락수제비국 |오리훈제구이 |맛살양파전 |부추겉절이 |열무김치(완제) |파인쥬스 |무쌈 
20260616,중식,차조밥 |떡갈비구이/간장소스 |비빔만두 |배추김치 |참외 |새우매운탕 
20260617,중식,마파두부덮밥 |팽이버섯계란국 |중식오이지무침 |마요새우 |깍두기(완제) |한라봉스무디 
20260618,중식,현미밥 |쇠고기미역국 |순살찜닭 |고구마줄기들깨볶음-자율 |깻잎장아찌 |배추김치 |신비복숭아 
20260619,중식,옥수수밥 |호박잎된장국 |돼지갈비찜 |삼색묵무침 |고추잎고추장무침-자율 |배추김치 |수리취떡 |식혜(완제) 
20260622,중식,쌀밥 |스파게티/부찬 |양상추샐러드/블루베리드레싱(자율) |돈까스 |깍두기(완제) |애사비소다음료 |마늘빵 |양송이스프 
20260623,중식,찹쌀밥 |오이부추무침-자율 |명엽채볶음 |계란말이 |꽁치(캔)데리소스구이 |마카롱 |우유 |참치김치찌개 
20260624,중식,게살미역국 |낙지콩나물덮밥 |새우까스/소스 |배추김치 |아이스크림 
20260625,중식,쌀밥 |실곤약무침 |삼겹살구이 |배추김치 |요구르트 |상추쌈(자율) |짬뽕순두부찌개 
20260626,중식,귀리밥 |코다리무조림 |멕시칸샐러드 |어묵메추라기알조림(간장) |배추김치 |모닝빵 |오렌지음료 |두부고추장찌개 
20260629,중식,보리밥 |꽈리고추진미채볶음 |생선까스/소스 |소시지계란말이 |석박지 |감귤쥬스 |등뼈감자탕 
20260630,중식,차조밥 |어묵국수 |새우만두찜 |쭈꾸미돈육볶음 |배추겉절이-자율 |바나나우유 
20260701,중식,김치볶음밥 |미소된장국 |로제소스떡볶이 |함박스테이크 |깍두기(완제) |이온음료 
20260702,중식,차슈덮밥 |콘샐러드-자율배식 |새우튀김(냉동-) |깍두기(완제) |스위티자몽음료 |꼬치어묵우동국 
20260703,중식,해시라이스 |김치콩나물국 |불고기버거 |깍두기(완제) |포도쥬스 
20260706,중식,햄마요덮밥 |팽이버섯된장국 |치즈볼 |치킨스테이크 |깍두기(완제) |파인쥬스 
20260707,중식,부추비빔밥 |황태맑은국 |닭봉튀김 |배추김치 |아이스크림 
20260708,중식,달걀볶음밥 |유부된장국 |새우구이 |돈마호크구이 |깍두기(완제) |제로소다음료 
20260709,중식,발아현미밥 |새송이버섯볶음-자율 |오리불고기 |미나리해물전 |배추김치 |자두 |쇠고기된장찌개 
20260710,중식,쌀밥 |쇠고기미역국 |무생채 |멸치볶음 |김치볶음 |김자반 |햄전 |계란후라이 |우유 |쿠키(완제) 
20260713,중식,차조밥 |오징어초회 |가자미튀김/엿장소스 |석박지 |비피더스요구르트 |갈비탕/당면사리 
20260714,중식,옥수수밥 |오리훈제/야채무침 |크림소스떡볶이 |배추김치 |리치캐모마일음료 |무쌈 |두부명란젓찌개 
20260715,중식,쌀밥 |닭다리삼계탕 |낙지초무침 |돼지고기육전 |고추전 |배추김치 |수박 
20260716,중식,돼지고기가지덮밥 |물만두국 |깐쇼새우 |깍두기(완제) |요구르트(헬로엔요) 
20260720,중식,새우볶음밥 |미소된장국 |고추장떡볶이 |김말이 |깍두기(완제) |망고드링크 |핫바 
20260721,중식,제육덮밥 |소떡롤 |배추김치 |아이스크림 |두부새우젓찌개 
20260722,중식,열무비빔밥 |콩가루배추국 |등갈비구이 |회오리감자튀김 |배추김치 |이온음료 
20260812,중식,콩나물밥/양념간장 |황태맑은국 |닭다리구이 |열무김치(완제) |고기찐빵 |포도쥬스 
20260813,중식,보리밥 |양상추샐러드/키위파인드레싱 |새우꼬치 |깍두기(완제) |한라봉스무디 |김치어묵우동국 
20260814,중식,쌀밥 |매운돼지갈비찜 |꽃맛살샐러드 |배추김치 |귤 |쇠고기된장찌개 
20260818,중식,차수수밥 |새우만두찜 |새송이버섯초무침 |연어구이 |석박지 |파인쥬스 |순살감자탕 
20260819,중식,간장족발덮밥 |근대된장국 |떡꼬치 |배추김치 |요구르트(헬로엔요) 
20260820,중식,쌀밥 |쇠고기미역국 |잡채 |치즈매운닭볶음 |배추김치 |포도 
20260821,중식,흑미밥 |오징어무국 |도토리묵/양념장 |너비아니구이/어린잎샐러드 |배추김치 |우유 |호두과자 
20260824,중식,보리밥 |어묵메추라기알조림(간장) |비엔나떡볶음 |진미채고추장볶음 |배추김치 |방울토마토(자율) |아이스크림 |동태매운탕 
20260825,중식,차조밥 |새우젓계란찜 |콩나물무침 |고추장불고기 |김구이-완제 |배추김치 |요구르트 |해물된장찌개 
20260826,중식,치킨카레라이스 |미소된장국 |콘샐러드 |돈까스 |깍두기(완제) |이온음료 
20260827,중식,귀리밥 |닭다리닭개장 |오이부추무침-자율 |오리훈제/김치볶음 |삼치구이/양념장 |감귤푸딩 
20260828,중식,쌀밥 |마라가마보꼬탕 |해물청경채볶음 |찹쌀탕수육 |배추김치 |오렌지음료 
20260831,중식,쌀밥 |양배추샐러드/사우전드레싱(자율) |타코야끼 |버터갈릭치킨 |배추김치 |비피더스요구르트 |일본식라면 
20260901,중식,쌀밥 |마카로니샐러드 |함박스테이크/브라운소스 |감자튀김 |깍두기(완제) |포도쥬스 |양송이스프 
20260902,중식,해시라이스 |김치콩나물국 |치즈볼 |깍두기(완제) |감귤한라봉음료 |핫도그빵 
20260903,중식,서리태밥 |도토리묵국 |쇠고기메추리알장조림 |당근생채 |치즈감자전 |총각김치 |파인애플 
20260904,중식,차조밥 |어묵야채볶음 |계란말이 |열무김치(완제) |딸기우유 |단팥빵 |참치김치찌개 
20260907,중식,현미밥 |골뱅이야채무침 |돼지고기육전 |배추김치 |사과 |햄모듬찌개 
20260908,중식,찰보리밥 |유부냉채 |감자채볶음 |가자미구이/엿장소스 |석박지 |요구르트(야쿠르트) |갈비탕/당면사리 
20260909,중식,바지락미역국 |낙지콩나물덮밥 |두부탕수 |배추김치 |아이스크림 
20260910,중식,찹쌀밥 |무생채 |멸치볶음 |김치볶음 |김자반 |햄전 |계란후라이 |초코우유 |짬뽕순두부찌개 
20260911,중식,쌀밥 |순대국 |맛살양파전 |생선까스/소스 |배추겉절이 |감귤쥬스 
20260914,중식,현미밥 |얼큰쇠고기무국 |돼지갈비찜 |어린잎두부샐러드 |애호박볶음(자율) |배추김치 |에그타르트 |우유 
20260915,중식,쌀밥 |양상추샐러드/블루베리드레싱 |치킨스테이크 |깍두기(완제) |오렌지음료 |나가사끼우동국 
20260916,중식,부추비빔밥 |시래기된장국 |등갈비구이 |식빵튀김 |배추김치 |망고드링크 
20260917,중식,보리밥 |바지락수제비국 |메추리알장조림 |제육김치볶음 |부추전 |열무김치(완제) |아이스크림 |데친두부 
20260918,중식,찹쌀밥 |닭죽 |참나물오이냉채 |모듬버섯볶음 |고기동그랑땡부침 |배추김치 |방울토마토(자율) 
20260921,중식,김치볶음밥 |아욱된장국 |로제소스떡볶이 |후라이드치킨 |깍두기(완제) |스위티자몽음료 
20260922,중식,율무밥 |오리로스구이/야채무침 |두부매콤조림 |보쌈김치 |파인애플 |새우매운탕 
20260923,중식,산채비빔밥 |황태맑은국 |고추전 |생선전-완제 |오미산적 |배추김치 |송편 |식혜(완제) 
20260928,중식,제육덮밥 |팽이버섯된장국 |콩나물무침 |소떡롤 |배추김치 |요구르트(야쿠르트) 
20260929,중식,쌀밥 |어묵국수 |비빔만두 |순대곱창볶음 |깍두기(완제) |요구르트(뽀로로) 
20260930,중식,카레라이스 |김치콩나물국 |새우버거 |깍두기(완제) |이온음료 
20261001,중식,차슈덮밥 |미소된장국 |양배추샐러드-자율 |타코야끼 |새우구이 |가리비구이 |깍두기(완제) |초코파이 |우유 
20261002,중식,소보로비빔밥 |근대된장국 |닭봉구이 |배추김치 |포도탄산음료 
20261007,중식,마파두부덮밥 |팽이버섯계란국 |마요새우 |깍두기(완제) |유산균음료 
20261008,중식,발아현미밥 |육개장 |순살찜닭 |미역줄기볶음-자율배식 |깻잎장아찌 |배추김치 |골드키위 
20261012,중식,보리밥 |실곤약무침 |무말랭이무침(완제) |족발구이 |백김치(완제) |비피더스요구르트 |짬뽕순두부찌개 
20261013,중식,옥수수밥 |얼큰홍합무국 |새우젓계란찜 |새송이버섯볶음-자율 |떡갈비/파채 |배추김치 |레몬에이드 
20261014,중식,참치마요덮밥 |아욱된장국 |고추장떡볶이 |새우튀김(냉동-) |김말이 |깍두기(완제) |이온음료 
20261015,중식,귀리밥 |비름나물-자율배식 |청포묵무침 |닭살채소볶음 |배추김치 |사과 |청국장찌개 
20261016,중식,찹쌀밥 |우육탕면 |참나물팽이버섯무침(자율) |장어조림 |깍두기(완제) |망고쥬스 
20261019,중식,차조밥 |바지락미역국 |새우젓계란찜 |오이생채-자율 |콩나물무침 |쭈꾸미볶음 |김치전 |바나나우유 
20261020,중식,쌀밥 |양상추샐러드/딸기파인드레싱 |돈까스 |깍두기(완제) |레몬라임쥬스 |꼬치어묵우동국 
20261021,중식,배추된장국 |알감자버터구이 |데리야끼소스닭볶음덮밥 |소떡롤 |배추김치 |파인쥬스 
20261022,중식,차수수밥 |숙주들깨무침-자율 |코다리강정 |소시지계란말이 |총각김치 |요구르트(뽀로로) |돼지등뼈김치찌개 
20261023,중식,쌀밥 |잔치국수 |골뱅이야채무침 |돼지고기육전 |생선전-완제 |배추김치 |귤 
20261026,중식,밤밥 |얼큰쇠고기무국 |투움바소스떡볶이 |오리훈제팽이버섯볶음 |배추김치 |골드키위음료 
20261027,중식,보리밥 |삼겹살구이 |보쌈김치 |부추겉절이 |과일푸딩 |무쌈 |햄모듬찌개 
20261028,중식,굴소스볶음밥 |쌀국수 |콘샐러드-자율배식 |버터갈릭치킨 |깍두기(완제) |포도쥬스 
20261029,중식,기장밥 |조랭이떡국 |돼지갈비찜 |도토리묵/양념장 |배추김치 |파인애플 
20261030,중식,흑미밥 |물미역초무침 |꽈리고추진미채볶음 |비엔나떡볶음 |배추김치 |요구르트(야쿠르트) |대구매운탕 
